<keymap version="1" name="Default for macOS copy 1" parent="Mac OS X 10.5+">
  <action id="Arrangement.Alias.Rule.Match.Condition.Move.Down" />
  <action id="Arrangement.Rule.Group.Condition.Move.Down" />
  <action id="Arrangement.Rule.Group.Condition.Move.Up" />
  <action id="Arrangement.Rule.Match.Condition.Move.Down" />
  <action id="Arrangement.Rule.Match.Condition.Move.Up" />
  <action id="ChangesView.Move" />
  <action id="CommentByBlockComment">
    <keyboard-shortcut first-keystroke="meta alt slash" />
    <keyboard-shortcut first-keystroke="shift ctrl slash" />
  </action>
  <action id="EditorSelectWord">
    <keyboard-shortcut first-keystroke="ctrl w" />
  </action>
  <action id="EditorUnSelectWord" />
  <action id="GotoAction" />
  <action id="GuiDesigner.ShrinkSelection" />
  <action id="Jdbc.OpenConsole.New.Generate">
    <keyboard-shortcut first-keystroke="shift meta l" />
    <keyboard-shortcut first-keystroke="3" />
  </action>
  <action id="List-selectFirstRow" />
  <action id="List-selectLastRow" />
  <action id="MethodOverloadSwitchDown" />
  <action id="MethodOverloadSwitchUp" />
  <action id="MoveLineDown">
    <keyboard-shortcut first-keystroke="alt down" />
  </action>
  <action id="MoveLineUp">
    <keyboard-shortcut first-keystroke="alt up" />
  </action>
  <action id="Scala.ShowImplicits">
    <keyboard-shortcut first-keystroke="shift ctrl alt equals" />
    <keyboard-shortcut first-keystroke="shift ctrl alt add" />
  </action>
  <action id="ShowSearchHistory" />
  <action id="SmartUnSelect" />
  <action id="TableResult.ShrinkSelection" />
  <action id="UsageView.ShowRecentFindUsages" />
  <action id="Vcs.MoveChangedLinesToChangelist" />
</keymap>