<keymap version="1" name="Default for macOS copy 1" parent="Mac OS X 10.5+">
  <action id="ChangesView.Move" />
  <action id="CommentByBlockComment">
    <keyboard-shortcut first-keystroke="meta alt slash" />
    <keyboard-shortcut first-keystroke="shift ctrl slash" />
  </action>
  <action id="EditorSelectWord">
    <keyboard-shortcut first-keystroke="ctrl w" />
  </action>
  <action id="GotoAction" />
  <action id="Scala.ShowImplicits">
    <keyboard-shortcut first-keystroke="shift ctrl alt equals" />
    <keyboard-shortcut first-keystroke="shift ctrl alt add" />
  </action>
  <action id="Vcs.MoveChangedLinesToChangelist" />
</keymap>